"ClientKey","ClientName","Industry","GlobalAccountTier","HomeRegion","AccountManagerCode"
"1","Apex Global Holdings","Travel","Global","North America","AM-505"
"2","Adventure Works Mobility","Retail","Global","North America","AM-202"
"3","Blue Yonder Logistics","Financial Services","Global","LATAM","AM-303"
"4","Green River Pharmaceuticals","Government","Regional","LATAM","AM-101"
"5","Blue Yonder Logistics","Healthcare","Global","LATAM","AM-404"
"6","Wide World Importers","Travel","Global","Europe","AM-404"
"7","City Power Authority","Financial Services","Commercial","CEMEA","AM-505"
"8","Fourth Coffee Enterprise","Government","Strategic","LATAM","AM-303"
"9","Lucerne Publishing","Government","Strategic","North America","AM-505"
"10","Coho Financial Services","Technology","Regional","Europe","AM-202"
"11","Northwind Retail Group","Government","Regional","LATAM","AM-202"
"12","Woodgrove Bank","Manufacturing","Strategic","CEMEA","AM-505"
"13","Proseware Technology","Logistics","Commercial","LATAM","AM-101"
"14","Woodgrove Bank","Energy","Strategic","APAC","AM-303"
"15","Coho Financial Services","Financial Services","Regional","CEMEA","AM-101"
"16","Alpine Ski House","Technology","Commercial","Europe","AM-202"
"17","Adventure Works Mobility","Technology","Global","North America","AM-505"
"18","Lucerne Publishing","Energy","Commercial","APAC","AM-505"
"19","Fabrikam Healthcare","Retail","Regional","Europe","AM-101"
"20","Contoso Manufacturing","Government","Global","North America","AM-101"
"21","Woodgrove Bank 021","Technology","Regional","CEMEA","AM-505"
"22","Woodgrove Bank 022","Healthcare","Regional","North America","AM-101"
"23","Fourth Coffee Enterprise 023","Government","Commercial","Europe","AM-404"
"24","Lucerne Publishing 024","Financial Services","Strategic","North America","AM-505"
"25","Coho Financial Services 025","Travel","Commercial","APAC","AM-303"
"26","Proseware Technology 026","Energy","Strategic","Europe","AM-101"
"27","Fourth Coffee Enterprise 027","Government","Commercial","North America","AM-202"
"28","Wingtip Toys Retail 028","Technology","Strategic","APAC","AM-303"
"29","Blue Yonder Logistics 029","Financial Services","Commercial","LATAM","AM-202"
"30","Lucerne Publishing 030","Energy","Global","CEMEA","AM-404"
"31","Green River Pharmaceuticals 031","Manufacturing","Regional","LATAM","AM-505"
"32","Apex Global Holdings 032","Travel","Commercial","North America","AM-202"
"33","City Power Authority 033","Government","Commercial","Europe","AM-101"
"34","Datum Government Services 034","Energy","Commercial","APAC","AM-303"
"35","Proseware Technology 035","Manufacturing","Global","LATAM","AM-101"
"36","Humongous Insurance 036","Technology","Commercial","APAC","AM-202"
"37","Wingtip Toys Retail 037","Travel","Strategic","CEMEA","AM-505"
"38","Woodgrove Bank 038","Retail","Commercial","APAC","AM-303"
"39","Alpine Ski House 039","Government","Global","CEMEA","AM-101"
"40","Adventure Works Mobility 040","Technology","Regional","APAC","AM-303"
"41","Lucerne Publishing 041","Retail","Global","LATAM","AM-404"
"42","Wingtip Toys Retail 042","Retail","Commercial","CEMEA","AM-303"
"43","Alpine Ski House 043","Technology","Regional","North America","AM-505"
"44","Coho Financial Services 044","Energy","Commercial","LATAM","AM-505"
"45","Fourth Coffee Enterprise 045","Financial Services","Strategic","CEMEA","AM-404"
"46","Humongous Insurance 046","Manufacturing","Strategic","Europe","AM-202"
"47","Wide World Importers 047","Energy","Regional","LATAM","AM-101"
"48","Adventure Works Mobility 048","Manufacturing","Commercial","North America","AM-101"
"49","Contoso Manufacturing 049","Logistics","Regional","APAC","AM-202"
"50","Litware Energy 050","Government","Strategic","Europe","AM-404"
"51","City Power Authority 051","Healthcare","Commercial","CEMEA","AM-505"
"52","Lucerne Publishing 052","Technology","Strategic","North America","AM-101"
"53","Blue Yonder Logistics 053","Government","Commercial","APAC","AM-101"
"54","Woodgrove Bank 054","Government","Global","CEMEA","AM-202"
"55","Northwind Retail Group 055","Financial Services","Strategic","CEMEA","AM-202"
"56","City Power Authority 056","Energy","Regional","LATAM","AM-505"
"57","Fourth Coffee Enterprise 057","Retail","Regional","CEMEA","AM-505"
"58","Adventure Works Mobility 058","Travel","Global","CEMEA","AM-505"
"59","Litware Energy 059","Travel","Global","CEMEA","AM-101"
"60","Lucerne Publishing 060","Logistics","Commercial","North America","AM-505"
"61","City Power Authority 061","Government","Commercial","APAC","AM-202"
"62","Apex Global Holdings 062","Travel","Commercial","North America","AM-404"
"63","Contoso Manufacturing 063","Energy","Strategic","Europe","AM-202"
"64","Apex Global Holdings 064","Government","Global","LATAM","AM-404"
"65","Fourth Coffee Enterprise 065","Healthcare","Regional","LATAM","AM-505"
"66","Contoso Manufacturing 066","Travel","Commercial","LATAM","AM-404"
"67","Contoso Manufacturing 067","Technology","Regional","APAC","AM-404"
"68","Lucerne Publishing 068","Energy","Regional","CEMEA","AM-404"
"69","Datum Government Services 069","Government","Strategic","North America","AM-101"
"70","Northwind Retail Group 070","Logistics","Strategic","LATAM","AM-303"
"71","Lucerne Publishing 071","Travel","Global","CEMEA","AM-505"
"72","Green River Pharmaceuticals 072","Energy","Regional","Europe","AM-505"
"73","Adventure Works Mobility 073","Travel","Global","North America","AM-202"
"74","Fourth Coffee Enterprise 074","Retail","Regional","APAC","AM-202"
"75","Woodgrove Bank 075","Energy","Regional","North America","AM-404"
"76","Fabrikam Healthcare 076","Government","Regional","Europe","AM-505"
"77","Blue Yonder Logistics 077","Energy","Strategic","Europe","AM-303"
"78","Datum Government Services 078","Energy","Commercial","LATAM","AM-101"
"79","Coho Financial Services 079","Retail","Global","Europe","AM-404"
"80","Datum Government Services 080","Technology","Global","LATAM","AM-101"
"81","Coho Financial Services 081","Technology","Global","CEMEA","AM-404"
"82","Datum Government Services 082","Energy","Strategic","APAC","AM-101"
"83","Fourth Coffee Enterprise 083","Government","Strategic","APAC","AM-505"
"84","Apex Global Holdings 084","Healthcare","Regional","LATAM","AM-202"
"85","Fourth Coffee Enterprise 085","Manufacturing","Strategic","Europe","AM-202"
"86","Apex Global Holdings 086","Financial Services","Commercial","LATAM","AM-404"
"87","Humongous Insurance 087","Technology","Strategic","APAC","AM-404"
"88","Tailspin Airlines 088","Healthcare","Commercial","LATAM","AM-101"
"89","Blue Yonder Logistics 089","Logistics","Strategic","North America","AM-202"
"90","Wingtip Toys Retail 090","Logistics","Regional","North America","AM-202"
"91","Contoso Manufacturing 091","Financial Services","Regional","APAC","AM-101"
"92","City Power Authority 092","Logistics","Strategic","LATAM","AM-101"
"93","Lucerne Publishing 093","Healthcare","Strategic","Europe","AM-101"
"94","Datum Government Services 094","Logistics","Global","APAC","AM-505"
"95","Apex Global Holdings 095","Healthcare","Strategic","APAC","AM-303"
"96","Lucerne Publishing 096","Financial Services","Strategic","North America","AM-505"
"97","Woodgrove Bank 097","Financial Services","Regional","APAC","AM-505"
"98","Northwind Retail Group 098","Technology","Global","LATAM","AM-404"
"99","Tailspin Airlines 099","Government","Strategic","CEMEA","AM-505"
"100","City Power Authority 100","Manufacturing","Strategic","Europe","AM-404"
"101","Contoso Manufacturing 101","Technology","Global","LATAM","AM-404"
"102","Alpine Ski House 102","Financial Services","Global","APAC","AM-202"
"103","Proseware Technology 103","Energy","Commercial","CEMEA","AM-303"
"104","Coho Financial Services 104","Logistics","Regional","Europe","AM-505"
"105","Blue Yonder Logistics 105","Technology","Strategic","APAC","AM-202"
"106","Humongous Insurance 106","Healthcare","Strategic","Europe","AM-505"
"107","Datum Government Services 107","Technology","Strategic","North America","AM-101"
"108","Litware Energy 108","Manufacturing","Regional","LATAM","AM-505"
"109","Proseware Technology 109","Travel","Strategic","Europe","AM-303"
"110","Adventure Works Mobility 110","Energy","Commercial","North America","AM-101"
"111","Alpine Ski House 111","Financial Services","Global","LATAM","AM-101"
"112","Tailspin Airlines 112","Energy","Strategic","LATAM","AM-303"
"113","Contoso Manufacturing 113","Government","Commercial","APAC","AM-101"
"114","Wingtip Toys Retail 114","Retail","Strategic","Europe","AM-202"
"115","Proseware Technology 115","Government","Global","CEMEA","AM-404"
"116","Northwind Retail Group 116","Financial Services","Strategic","North America","AM-505"
"117","Adventure Works Mobility 117","Healthcare","Global","Europe","AM-404"
"118","Apex Global Holdings 118","Technology","Global","APAC","AM-404"
"119","Alpine Ski House 119","Energy","Commercial","Europe","AM-404"
"120","Litware Energy 120","Retail","Global","Europe","AM-101"
"121","Northwind Retail Group 121","Technology","Regional","LATAM","AM-202"
"122","Lucerne Publishing 122","Healthcare","Regional","CEMEA","AM-303"
"123","Tailspin Airlines 123","Government","Strategic","LATAM","AM-303"
"124","Fabrikam Healthcare 124","Government","Strategic","CEMEA","AM-303"
"125","Northwind Retail Group 125","Healthcare","Commercial","LATAM","AM-303"
"126","City Power Authority 126","Energy","Global","LATAM","AM-303"
"127","Lucerne Publishing 127","Energy","Global","Europe","AM-404"
"128","Blue Yonder Logistics 128","Government","Global","APAC","AM-303"
"129","Coho Financial Services 129","Logistics","Strategic","CEMEA","AM-101"
"130","Woodgrove Bank 130","Healthcare","Regional","APAC","AM-505"
"131","Lucerne Publishing 131","Manufacturing","Commercial","Europe","AM-303"
"132","Datum Government Services 132","Manufacturing","Global","LATAM","AM-505"
"133","Northwind Retail Group 133","Manufacturing","Strategic","LATAM","AM-101"
"134","Apex Global Holdings 134","Retail","Global","Europe","AM-202"
"135","Alpine Ski House 135","Financial Services","Global","APAC","AM-101"
"136","Green River Pharmaceuticals 136","Financial Services","Regional","CEMEA","AM-404"
"137","Green River Pharmaceuticals 137","Government","Regional","APAC","AM-303"
"138","Humongous Insurance 138","Financial Services","Regional","North America","AM-303"
"139","Coho Financial Services 139","Energy","Strategic","Europe","AM-303"
"140","Woodgrove Bank 140","Financial Services","Global","CEMEA","AM-202"
"141","Fourth Coffee Enterprise 141","Retail","Commercial","APAC","AM-202"
"142","Northwind Retail Group 142","Retail","Commercial","CEMEA","AM-404"
"143","Lucerne Publishing 143","Financial Services","Strategic","North America","AM-101"
"144","Tailspin Airlines 144","Retail","Global","LATAM","AM-404"
"145","Alpine Ski House 145","Government","Commercial","CEMEA","AM-404"
"146","Adventure Works Mobility 146","Logistics","Regional","North America","AM-404"
"147","Humongous Insurance 147","Healthcare","Strategic","LATAM","AM-303"
"148","Contoso Manufacturing 148","Manufacturing","Regional","LATAM","AM-404"
"149","Fabrikam Healthcare 149","Energy","Commercial","LATAM","AM-404"
"150","Woodgrove Bank 150","Energy","Commercial","LATAM","AM-101"
"151","Datum Government Services 151","Energy","Regional","North America","AM-404"
"152","Alpine Ski House 152","Healthcare","Regional","Europe","AM-303"
"153","Litware Energy 153","Logistics","Global","APAC","AM-101"
"154","Contoso Manufacturing 154","Healthcare","Commercial","North America","AM-101"
"155","Green River Pharmaceuticals 155","Manufacturing","Global","Europe","AM-202"
"156","Proseware Technology 156","Retail","Global","Europe","AM-505"
"157","Coho Financial Services 157","Manufacturing","Commercial","LATAM","AM-202"
"158","Apex Global Holdings 158","Manufacturing","Global","LATAM","AM-505"
"159","Northwind Retail Group 159","Manufacturing","Global","APAC","AM-101"
"160","Proseware Technology 160","Healthcare","Global","CEMEA","AM-303"
"161","Fourth Coffee Enterprise 161","Manufacturing","Commercial","LATAM","AM-303"
"162","Proseware Technology 162","Retail","Regional","North America","AM-505"
"163","Humongous Insurance 163","Logistics","Strategic","North America","AM-101"
"164","Northwind Retail Group 164","Technology","Commercial","LATAM","AM-505"
"165","Apex Global Holdings 165","Travel","Global","North America","AM-303"
"166","Wide World Importers 166","Travel","Strategic","LATAM","AM-202"
"167","Proseware Technology 167","Energy","Global","North America","AM-505"
"168","Northwind Retail Group 168","Retail","Global","LATAM","AM-303"
"169","Proseware Technology 169","Technology","Commercial","APAC","AM-404"
"170","Wingtip Toys Retail 170","Healthcare","Strategic","LATAM","AM-303"
"171","Litware Energy 171","Healthcare","Commercial","North America","AM-202"
"172","Proseware Technology 172","Healthcare","Regional","North America","AM-202"
"173","Green River Pharmaceuticals 173","Manufacturing","Strategic","CEMEA","AM-505"
"174","Alpine Ski House 174","Technology","Global","North America","AM-101"
"175","Wide World Importers 175","Logistics","Strategic","Europe","AM-505"
"176","Tailspin Airlines 176","Travel","Regional","APAC","AM-404"
"177","Lucerne Publishing 177","Travel","Regional","CEMEA","AM-303"
"178","Fabrikam Healthcare 178","Logistics","Strategic","Europe","AM-404"
"179","Datum Government Services 179","Manufacturing","Strategic","North America","AM-202"
"180","Fourth Coffee Enterprise 180","Logistics","Commercial","APAC","AM-101"
"181","Coho Financial Services 181","Manufacturing","Commercial","CEMEA","AM-505"
"182","Lucerne Publishing 182","Manufacturing","Global","LATAM","AM-303"
"183","Litware Energy 183","Energy","Commercial","Europe","AM-404"
"184","Wingtip Toys Retail 184","Healthcare","Strategic","LATAM","AM-101"
"185","Tailspin Airlines 185","Financial Services","Strategic","Europe","AM-202"
"186","Alpine Ski House 186","Energy","Regional","LATAM","AM-303"
"187","Proseware Technology 187","Manufacturing","Commercial","North America","AM-303"
"188","Alpine Ski House 188","Energy","Regional","CEMEA","AM-303"
"189","City Power Authority 189","Travel","Regional","CEMEA","AM-505"
"190","Woodgrove Bank 190","Energy","Global","Europe","AM-303"
"191","Coho Financial Services 191","Financial Services","Commercial","Europe","AM-101"
"192","Woodgrove Bank 192","Logistics","Commercial","North America","AM-404"
"193","Adventure Works Mobility 193","Travel","Global","Europe","AM-505"
"194","Green River Pharmaceuticals 194","Technology","Commercial","LATAM","AM-202"
"195","Wingtip Toys Retail 195","Retail","Global","Europe","AM-101"
"196","Apex Global Holdings 196","Logistics","Regional","Europe","AM-202"
"197","Proseware Technology 197","Manufacturing","Strategic","APAC","AM-202"
"198","Woodgrove Bank 198","Healthcare","Global","CEMEA","AM-404"
"199","Proseware Technology 199","Financial Services","Strategic","APAC","AM-101"
"200","Woodgrove Bank 200","Energy","Commercial","North America","AM-202"
"201","Apex Global Holdings 201","Financial Services","Commercial","North America","AM-202"
"202","Northwind Retail Group 202","Manufacturing","Commercial","Europe","AM-404"
"203","Northwind Retail Group 203","Government","Global","Europe","AM-303"
"204","Apex Global Holdings 204","Travel","Regional","Europe","AM-101"
"205","Lucerne Publishing 205","Energy","Commercial","LATAM","AM-303"
"206","Lucerne Publishing 206","Travel","Regional","North America","AM-303"
"207","City Power Authority 207","Government","Strategic","North America","AM-303"
"208","Tailspin Airlines 208","Logistics","Strategic","Europe","AM-505"
"209","City Power Authority 209","Retail","Regional","APAC","AM-202"
"210","Tailspin Airlines 210","Travel","Commercial","CEMEA","AM-202"
"211","Wide World Importers 211","Healthcare","Regional","Europe","AM-101"
"212","Green River Pharmaceuticals 212","Energy","Commercial","APAC","AM-505"
"213","Green River Pharmaceuticals 213","Technology","Regional","Europe","AM-101"
"214","Wide World Importers 214","Government","Commercial","CEMEA","AM-505"
"215","Datum Government Services 215","Energy","Strategic","CEMEA","AM-101"
"216","Northwind Retail Group 216","Travel","Commercial","APAC","AM-505"
"217","Litware Energy 217","Technology","Commercial","CEMEA","AM-202"
"218","Fourth Coffee Enterprise 218","Government","Commercial","Europe","AM-101"
"219","Northwind Retail Group 219","Healthcare","Regional","LATAM","AM-505"
"220","Lucerne Publishing 220","Government","Commercial","LATAM","AM-404"
"221","Contoso Manufacturing 221","Retail","Regional","Europe","AM-101"
"222","Alpine Ski House 222","Logistics","Global","North America","AM-303"
"223","Wide World Importers 223","Energy","Global","CEMEA","AM-202"
"224","City Power Authority 224","Government","Global","APAC","AM-202"
"225","Litware Energy 225","Technology","Regional","APAC","AM-303"
"226","Tailspin Airlines 226","Government","Regional","CEMEA","AM-505"
"227","Adventure Works Mobility 227","Healthcare","Global","APAC","AM-101"
"228","Woodgrove Bank 228","Retail","Strategic","North America","AM-505"
"229","Humongous Insurance 229","Government","Global","North America","AM-101"
"230","City Power Authority 230","Technology","Regional","APAC","AM-303"
"231","Datum Government Services 231","Retail","Regional","North America","AM-303"
"232","Proseware Technology 232","Manufacturing","Strategic","North America","AM-202"
"233","Coho Financial Services 233","Energy","Strategic","CEMEA","AM-404"
"234","Coho Financial Services 234","Energy","Regional","APAC","AM-101"
"235","Coho Financial Services 235","Financial Services","Regional","LATAM","AM-303"
"236","Lucerne Publishing 236","Healthcare","Regional","North America","AM-505"
"237","Proseware Technology 237","Retail","Global","CEMEA","AM-404"
"238","Fourth Coffee Enterprise 238","Logistics","Regional","North America","AM-202"
"239","Woodgrove Bank 239","Technology","Strategic","Europe","AM-202"
"240","Northwind Retail Group 240","Financial Services","Global","Europe","AM-505"
"241","Alpine Ski House 241","Logistics","Strategic","LATAM","AM-101"
"242","Contoso Manufacturing 242","Travel","Commercial","CEMEA","AM-505"
"243","Humongous Insurance 243","Retail","Commercial","Europe","AM-202"
"244","Litware Energy 244","Retail","Strategic","CEMEA","AM-202"
"245","Fabrikam Healthcare 245","Healthcare","Regional","CEMEA","AM-303"
"246","Humongous Insurance 246","Retail","Strategic","Europe","AM-505"
"247","Fourth Coffee Enterprise 247","Financial Services","Regional","APAC","AM-505"
"248","Adventure Works Mobility 248","Logistics","Global","CEMEA","AM-202"
"249","Tailspin Airlines 249","Energy","Global","Europe","AM-505"
"250","Datum Government Services 250","Energy","Regional","APAC","AM-505"
"251","Northwind Retail Group 251","Government","Global","LATAM","AM-202"
"252","City Power Authority 252","Healthcare","Strategic","Europe","AM-101"
"253","Wingtip Toys Retail 253","Travel","Global","Europe","AM-202"
"254","Litware Energy 254","Healthcare","Global","North America","AM-303"
"255","Blue Yonder Logistics 255","Financial Services","Commercial","LATAM","AM-404"
"256","Northwind Retail Group 256","Healthcare","Regional","North America","AM-303"
"257","Alpine Ski House 257","Government","Global","APAC","AM-202"
"258","Green River Pharmaceuticals 258","Healthcare","Global","CEMEA","AM-404"
"259","Wide World Importers 259","Energy","Strategic","CEMEA","AM-202"
"260","City Power Authority 260","Travel","Global","CEMEA","AM-101"
"261","Coho Financial Services 261","Manufacturing","Strategic","APAC","AM-303"
"262","Green River Pharmaceuticals 262","Logistics","Global","North America","AM-505"
"263","Humongous Insurance 263","Logistics","Regional","LATAM","AM-505"
"264","Adventure Works Mobility 264","Travel","Regional","CEMEA","AM-303"
"265","Woodgrove Bank 265","Technology","Strategic","North America","AM-505"
"266","Contoso Manufacturing 266","Government","Global","Europe","AM-404"
"267","City Power Authority 267","Logistics","Strategic","LATAM","AM-303"
"268","Alpine Ski House 268","Logistics","Commercial","CEMEA","AM-505"
"269","Lucerne Publishing 269","Energy","Regional","APAC","AM-303"
"270","Contoso Manufacturing 270","Manufacturing","Strategic","LATAM","AM-505"
"271","Green River Pharmaceuticals 271","Energy","Strategic","North America","AM-202"
"272","Proseware Technology 272","Technology","Commercial","Europe","AM-202"
"273","Wingtip Toys Retail 273","Logistics","Strategic","APAC","AM-404"
"274","Blue Yonder Logistics 274","Travel","Strategic","Europe","AM-404"
"275","Fabrikam Healthcare 275","Healthcare","Commercial","LATAM","AM-404"
"276","Northwind Retail Group 276","Manufacturing","Strategic","North America","AM-505"
"277","Wide World Importers 277","Retail","Global","LATAM","AM-101"
"278","Northwind Retail Group 278","Healthcare","Commercial","North America","AM-505"
"279","Datum Government Services 279","Healthcare","Global","Europe","AM-101"
"280","Tailspin Airlines 280","Government","Regional","Europe","AM-303"
"281","Apex Global Holdings 281","Technology","Commercial","Europe","AM-101"
"282","Fabrikam Healthcare 282","Travel","Commercial","North America","AM-202"
"283","Wingtip Toys Retail 283","Financial Services","Global","North America","AM-303"
"284","Coho Financial Services 284","Financial Services","Regional","CEMEA","AM-404"
"285","Humongous Insurance 285","Logistics","Global","APAC","AM-505"
"286","Wingtip Toys Retail 286","Healthcare","Regional","Europe","AM-404"
"287","Tailspin Airlines 287","Manufacturing","Regional","APAC","AM-202"
"288","Alpine Ski House 288","Healthcare","Strategic","North America","AM-505"
"289","Datum Government Services 289","Energy","Commercial","Europe","AM-505"
"290","Wingtip Toys Retail 290","Financial Services","Regional","CEMEA","AM-303"
"291","Wingtip Toys Retail 291","Retail","Commercial","North America","AM-505"
"292","Lucerne Publishing 292","Energy","Global","Europe","AM-505"
"293","Apex Global Holdings 293","Logistics","Regional","CEMEA","AM-404"
"294","Wingtip Toys Retail 294","Retail","Commercial","Europe","AM-404"
"295","City Power Authority 295","Retail","Global","Europe","AM-202"
"296","Apex Global Holdings 296","Technology","Regional","APAC","AM-101"
"297","Fourth Coffee Enterprise 297","Travel","Global","Europe","AM-505"
"298","Coho Financial Services 298","Technology","Global","Europe","AM-202"
"299","Apex Global Holdings 299","Manufacturing","Global","Europe","AM-202"
"300","Wingtip Toys Retail 300","Healthcare","Global","North America","AM-101"
"301","Humongous Insurance 301","Retail","Commercial","CEMEA","AM-505"
"302","Wide World Importers 302","Energy","Commercial","APAC","AM-303"
"303","Woodgrove Bank 303","Retail","Commercial","CEMEA","AM-101"
"304","Wingtip Toys Retail 304","Manufacturing","Commercial","Europe","AM-101"
"305","Wingtip Toys Retail 305","Manufacturing","Global","North America","AM-505"
"306","Green River Pharmaceuticals 306","Financial Services","Regional","LATAM","AM-101"
"307","Apex Global Holdings 307","Manufacturing","Strategic","LATAM","AM-404"
"308","Apex Global Holdings 308","Technology","Strategic","CEMEA","AM-505"
"309","Litware Energy 309","Technology","Strategic","CEMEA","AM-202"
"310","Tailspin Airlines 310","Retail","Global","APAC","AM-101"
"311","Wingtip Toys Retail 311","Energy","Commercial","CEMEA","AM-101"
"312","Tailspin Airlines 312","Travel","Strategic","APAC","AM-101"
"313","Litware Energy 313","Healthcare","Strategic","APAC","AM-505"
"314","Fabrikam Healthcare 314","Energy","Regional","APAC","AM-101"
"315","Lucerne Publishing 315","Travel","Strategic","North America","AM-404"
"316","Fabrikam Healthcare 316","Travel","Regional","Europe","AM-101"
"317","Tailspin Airlines 317","Healthcare","Strategic","LATAM","AM-101"
"318","Contoso Manufacturing 318","Travel","Regional","CEMEA","AM-404"
"319","Blue Yonder Logistics 319","Government","Strategic","APAC","AM-101"
"320","Woodgrove Bank 320","Logistics","Commercial","LATAM","AM-404"
"321","Coho Financial Services 321","Financial Services","Commercial","CEMEA","AM-505"
"322","Proseware Technology 322","Logistics","Commercial","LATAM","AM-505"
"323","Fabrikam Healthcare 323","Healthcare","Strategic","North America","AM-404"
"324","Wide World Importers 324","Logistics","Commercial","North America","AM-101"
"325","Apex Global Holdings 325","Travel","Regional","Europe","AM-101"
"326","Blue Yonder Logistics 326","Financial Services","Regional","Europe","AM-404"
"327","Green River Pharmaceuticals 327","Government","Strategic","LATAM","AM-303"
"328","Wingtip Toys Retail 328","Financial Services","Global","LATAM","AM-303"
"329","Alpine Ski House 329","Manufacturing","Global","Europe","AM-303"
"330","Wide World Importers 330","Travel","Regional","APAC","AM-303"
"331","Datum Government Services 331","Retail","Regional","North America","AM-505"
"332","Alpine Ski House 332","Travel","Commercial","Europe","AM-101"
"333","Wide World Importers 333","Energy","Strategic","APAC","AM-202"
"334","Litware Energy 334","Manufacturing","Regional","CEMEA","AM-303"
"335","Proseware Technology 335","Financial Services","Commercial","CEMEA","AM-505"
"336","Green River Pharmaceuticals 336","Healthcare","Global","Europe","AM-404"
"337","City Power Authority 337","Retail","Global","LATAM","AM-505"
"338","Adventure Works Mobility 338","Travel","Regional","North America","AM-404"
"339","Litware Energy 339","Retail","Regional","LATAM","AM-303"
"340","Proseware Technology 340","Logistics","Commercial","LATAM","AM-404"
"341","Coho Financial Services 341","Financial Services","Global","LATAM","AM-404"
"342","Tailspin Airlines 342","Government","Strategic","North America","AM-505"
"343","Northwind Retail Group 343","Retail","Commercial","North America","AM-505"
"344","Wingtip Toys Retail 344","Healthcare","Regional","APAC","AM-404"
"345","Lucerne Publishing 345","Manufacturing","Strategic","North America","AM-101"
"346","Northwind Retail Group 346","Logistics","Global","APAC","AM-202"
"347","Tailspin Airlines 347","Financial Services","Commercial","LATAM","AM-505"
"348","Humongous Insurance 348","Logistics","Strategic","LATAM","AM-505"
"349","Tailspin Airlines 349","Technology","Regional","LATAM","AM-202"
"350","Coho Financial Services 350","Manufacturing","Regional","North America","AM-404"
"351","Litware Energy 351","Energy","Strategic","North America","AM-101"
"352","Lucerne Publishing 352","Energy","Commercial","Europe","AM-202"
"353","City Power Authority 353","Energy","Regional","North America","AM-505"
"354","Woodgrove Bank 354","Travel","Strategic","LATAM","AM-505"
"355","Humongous Insurance 355","Manufacturing","Commercial","CEMEA","AM-101"
"356","City Power Authority 356","Financial Services","Global","Europe","AM-505"
"357","Tailspin Airlines 357","Logistics","Regional","Europe","AM-404"
"358","Contoso Manufacturing 358","Healthcare","Strategic","North America","AM-303"
"359","Green River Pharmaceuticals 359","Logistics","Strategic","Europe","AM-404"
"360","Humongous Insurance 360","Energy","Global","APAC","AM-101"
"361","City Power Authority 361","Healthcare","Strategic","North America","AM-101"
"362","Woodgrove Bank 362","Manufacturing","Strategic","Europe","AM-202"
"363","Contoso Manufacturing 363","Energy","Global","LATAM","AM-404"
"364","Humongous Insurance 364","Logistics","Commercial","CEMEA","AM-404"
"365","Fabrikam Healthcare 365","Government","Regional","LATAM","AM-505"
"366","Northwind Retail Group 366","Healthcare","Commercial","North America","AM-303"
"367","Lucerne Publishing 367","Technology","Commercial","Europe","AM-202"
"368","City Power Authority 368","Energy","Global","CEMEA","AM-101"
"369","Fabrikam Healthcare 369","Retail","Strategic","North America","AM-101"
"370","Lucerne Publishing 370","Energy","Strategic","LATAM","AM-101"
"371","Green River Pharmaceuticals 371","Travel","Global","LATAM","AM-101"
"372","Apex Global Holdings 372","Travel","Regional","LATAM","AM-202"
"373","City Power Authority 373","Energy","Regional","LATAM","AM-404"
"374","City Power Authority 374","Travel","Global","APAC","AM-404"
"375","Adventure Works Mobility 375","Travel","Global","LATAM","AM-404"
"376","Blue Yonder Logistics 376","Healthcare","Regional","CEMEA","AM-101"
"377","Adventure Works Mobility 377","Energy","Global","APAC","AM-101"
"378","Coho Financial Services 378","Travel","Regional","Europe","AM-101"
"379","Wingtip Toys Retail 379","Financial Services","Strategic","APAC","AM-202"
"380","Humongous Insurance 380","Retail","Strategic","CEMEA","AM-202"
"381","Adventure Works Mobility 381","Retail","Regional","North America","AM-303"
"382","Fabrikam Healthcare 382","Healthcare","Strategic","North America","AM-202"
"383","Lucerne Publishing 383","Manufacturing","Strategic","APAC","AM-202"
"384","Fourth Coffee Enterprise 384","Energy","Global","North America","AM-303"
"385","Humongous Insurance 385","Government","Commercial","APAC","AM-303"
"386","Northwind Retail Group 386","Government","Strategic","LATAM","AM-404"
"387","Fabrikam Healthcare 387","Travel","Regional","LATAM","AM-505"
"388","Lucerne Publishing 388","Financial Services","Global","Europe","AM-505"
"389","Lucerne Publishing 389","Government","Regional","Europe","AM-303"
"390","Tailspin Airlines 390","Technology","Global","APAC","AM-202"
"391","Adventure Works Mobility 391","Logistics","Regional","Europe","AM-101"
"392","Northwind Retail Group 392","Manufacturing","Commercial","North America","AM-404"
"393","Datum Government Services 393","Financial Services","Global","APAC","AM-202"
"394","Contoso Manufacturing 394","Manufacturing","Global","LATAM","AM-303"
"395","Adventure Works Mobility 395","Healthcare","Regional","North America","AM-303"
"396","Wide World Importers 396","Manufacturing","Global","LATAM","AM-101"
"397","Lucerne Publishing 397","Financial Services","Commercial","Europe","AM-202"
"398","Wide World Importers 398","Technology","Strategic","CEMEA","AM-202"
"399","Wide World Importers 399","Manufacturing","Strategic","North America","AM-202"
"400","City Power Authority 400","Healthcare","Regional","APAC","AM-303"
"401","Woodgrove Bank 401","Travel","Commercial","CEMEA","AM-101"
"402","Northwind Retail Group 402","Technology","Strategic","APAC","AM-202"
"403","Adventure Works Mobility 403","Retail","Global","APAC","AM-101"
"404","Coho Financial Services 404","Retail","Strategic","Europe","AM-404"
"405","Apex Global Holdings 405","Technology","Regional","LATAM","AM-505"
"406","Lucerne Publishing 406","Manufacturing","Global","LATAM","AM-404"
"407","Proseware Technology 407","Healthcare","Regional","CEMEA","AM-303"
"408","Alpine Ski House 408","Logistics","Regional","Europe","AM-404"
"409","Coho Financial Services 409","Financial Services","Commercial","North America","AM-505"
"410","Humongous Insurance 410","Retail","Regional","LATAM","AM-202"
"411","Fourth Coffee Enterprise 411","Financial Services","Commercial","North America","AM-303"
"412","Tailspin Airlines 412","Government","Regional","LATAM","AM-303"
"413","Coho Financial Services 413","Logistics","Regional","APAC","AM-404"
"414","Woodgrove Bank 414","Financial Services","Strategic","APAC","AM-303"
"415","Fourth Coffee Enterprise 415","Technology","Commercial","Europe","AM-505"
"416","Green River Pharmaceuticals 416","Retail","Strategic","APAC","AM-202"
"417","Fourth Coffee Enterprise 417","Government","Commercial","CEMEA","AM-505"
"418","Adventure Works Mobility 418","Retail","Regional","North America","AM-404"
"419","Contoso Manufacturing 419","Manufacturing","Strategic","North America","AM-202"
"420","City Power Authority 420","Financial Services","Regional","APAC","AM-404"
"421","Litware Energy 421","Logistics","Regional","North America","AM-404"
"422","Apex Global Holdings 422","Financial Services","Regional","LATAM","AM-101"
"423","Tailspin Airlines 423","Manufacturing","Regional","CEMEA","AM-404"
"424","Contoso Manufacturing 424","Technology","Strategic","Europe","AM-202"
"425","Lucerne Publishing 425","Technology","Strategic","APAC","AM-202"
"426","Coho Financial Services 426","Healthcare","Strategic","APAC","AM-404"
"427","Green River Pharmaceuticals 427","Logistics","Strategic","CEMEA","AM-404"
"428","Coho Financial Services 428","Technology","Commercial","APAC","AM-101"
"429","Datum Government Services 429","Manufacturing","Strategic","North America","AM-404"
"430","Northwind Retail Group 430","Retail","Regional","North America","AM-303"
"431","Blue Yonder Logistics 431","Technology","Global","North America","AM-505"
"432","Wingtip Toys Retail 432","Retail","Global","APAC","AM-303"
"433","Contoso Manufacturing 433","Retail","Global","APAC","AM-101"
"434","Fabrikam Healthcare 434","Retail","Commercial","LATAM","AM-303"
"435","Alpine Ski House 435","Financial Services","Commercial","Europe","AM-404"
"436","Wingtip Toys Retail 436","Logistics","Commercial","Europe","AM-505"
"437","Litware Energy 437","Financial Services","Regional","Europe","AM-202"
"438","Datum Government Services 438","Government","Strategic","LATAM","AM-303"
"439","Northwind Retail Group 439","Technology","Commercial","North America","AM-505"
"440","Tailspin Airlines 440","Retail","Regional","North America","AM-505"
"441","Northwind Retail Group 441","Retail","Regional","APAC","AM-101"
"442","City Power Authority 442","Logistics","Global","North America","AM-505"
"443","Fourth Coffee Enterprise 443","Technology","Regional","Europe","AM-101"
"444","Fourth Coffee Enterprise 444","Financial Services","Commercial","North America","AM-404"
"445","Adventure Works Mobility 445","Technology","Commercial","LATAM","AM-101"
"446","Contoso Manufacturing 446","Government","Strategic","North America","AM-101"
"447","Fabrikam Healthcare 447","Retail","Strategic","Europe","AM-101"
"448","Tailspin Airlines 448","Travel","Commercial","North America","AM-303"
"449","Northwind Retail Group 449","Technology","Regional","Europe","AM-404"
"450","Northwind Retail Group 450","Financial Services","Commercial","APAC","AM-404"
"451","Contoso Manufacturing 451","Technology","Global","CEMEA","AM-505"
"452","Wide World Importers 452","Energy","Global","LATAM","AM-404"
"453","Tailspin Airlines 453","Energy","Strategic","North America","AM-101"
"454","Fabrikam Healthcare 454","Government","Commercial","North America","AM-505"
"455","Apex Global Holdings 455","Healthcare","Global","APAC","AM-202"
"456","Coho Financial Services 456","Government","Regional","CEMEA","AM-202"
"457","Contoso Manufacturing 457","Healthcare","Regional","APAC","AM-101"
"458","Green River Pharmaceuticals 458","Government","Regional","Europe","AM-404"
"459","Fourth Coffee Enterprise 459","Government","Regional","APAC","AM-303"
"460","Humongous Insurance 460","Retail","Strategic","CEMEA","AM-404"
"461","Green River Pharmaceuticals 461","Government","Regional","North America","AM-101"
"462","Woodgrove Bank 462","Healthcare","Regional","North America","AM-101"
"463","Coho Financial Services 463","Energy","Regional","Europe","AM-505"
"464","Northwind Retail Group 464","Travel","Strategic","CEMEA","AM-202"
"465","Northwind Retail Group 465","Government","Strategic","LATAM","AM-303"
"466","Contoso Manufacturing 466","Manufacturing","Commercial","LATAM","AM-303"
"467","Proseware Technology 467","Financial Services","Commercial","Europe","AM-303"
"468","City Power Authority 468","Retail","Global","APAC","AM-505"
"469","Fabrikam Healthcare 469","Travel","Global","Europe","AM-505"
"470","Datum Government Services 470","Retail","Global","APAC","AM-505"
"471","Wingtip Toys Retail 471","Retail","Strategic","APAC","AM-202"
"472","Apex Global Holdings 472","Energy","Global","North America","AM-404"
"473","Coho Financial Services 473","Technology","Regional","North America","AM-101"
"474","Blue Yonder Logistics 474","Government","Commercial","CEMEA","AM-505"
"475","Litware Energy 475","Manufacturing","Global","LATAM","AM-202"
"476","Contoso Manufacturing 476","Manufacturing","Regional","Europe","AM-303"
"477","Apex Global Holdings 477","Government","Commercial","APAC","AM-505"
"478","Coho Financial Services 478","Technology","Global","LATAM","AM-202"
"479","Fabrikam Healthcare 479","Government","Global","North America","AM-404"
"480","Litware Energy 480","Logistics","Commercial","North America","AM-404"
"481","Contoso Manufacturing 481","Technology","Strategic","LATAM","AM-404"
"482","Datum Government Services 482","Healthcare","Strategic","Europe","AM-202"
"483","Wingtip Toys Retail 483","Travel","Regional","APAC","AM-101"
"484","Litware Energy 484","Manufacturing","Commercial","Europe","AM-101"
"485","Fabrikam Healthcare 485","Retail","Strategic","APAC","AM-303"
"486","Contoso Manufacturing 486","Financial Services","Strategic","CEMEA","AM-202"
"487","Apex Global Holdings 487","Manufacturing","Global","LATAM","AM-202"
"488","Wingtip Toys Retail 488","Travel","Commercial","CEMEA","AM-202"
"489","City Power Authority 489","Government","Global","Europe","AM-505"
"490","Wingtip Toys Retail 490","Financial Services","Commercial","Europe","AM-101"
"491","Proseware Technology 491","Travel","Commercial","CEMEA","AM-404"
"492","Litware Energy 492","Manufacturing","Commercial","LATAM","AM-303"
"493","Litware Energy 493","Manufacturing","Strategic","CEMEA","AM-404"
"494","Woodgrove Bank 494","Retail","Commercial","CEMEA","AM-303"
"495","Fourth Coffee Enterprise 495","Technology","Global","Europe","AM-404"
"496","Proseware Technology 496","Manufacturing","Commercial","North America","AM-303"
"497","Fabrikam Healthcare 497","Technology","Regional","Europe","AM-101"
"498","Fabrikam Healthcare 498","Financial Services","Regional","CEMEA","AM-404"
"499","Proseware Technology 499","Logistics","Global","Europe","AM-404"
"500","Wingtip Toys Retail 500","Healthcare","Regional","CEMEA","AM-505"
